CensusTract,State,County,Zip Code
17031010100,Illinois,Cook,60626
17031010201,Illinois,Cook,60626
17031010202,Illinois,Cook,60626
17031010300,Illinois,Cook,60626
17031010400,Illinois,Cook,60626
17031010501,Illinois,Cook,60626
17031010502,Illinois,Cook,60626
17031010503,Illinois,Cook,60626
17031010600,Illinois,Cook,60626
17031010701,Illinois,Cook,60626
17031010702,Illinois,Cook,60626
17031020100,Illinois,Cook,60645
17031020200,Illinois,Cook,60645
17031020301,Illinois,Cook,60645
17031020302,Illinois,Cook,60645
17031020400,Illinois,Cook,60645
17031020500,Illinois,Cook,60626
17031020601,Illinois,Cook,60645
17031020602,Illinois,Cook,60645
17031020701,Illinois,Cook,60659
17031020702,Illinois,Cook,60645
17031020801,Illinois,Cook,60659
17031020802,Illinois,Cook,60645
17031020901,Illinois,Cook,60659
17031020902,Illinois,Cook,60659
17031030101,Illinois,Cook,60660
17031030102,Illinois,Cook,60660
17031030103,Illinois,Cook,60660
17031030104,Illinois,Cook,60660
17031030200,Illinois,Cook,60626
17031030300,Illinois,Cook,60626
17031030400,Illinois,Cook,60660
17031030500,Illinois,Cook,60660
17031030601,Illinois,Cook,60660
17031030603,Illinois,Cook,60660
17031030604,Illinois,Cook,60660
17031030701,Illinois,Cook,60640
17031030702,Illinois,Cook,60640
17031030703,Illinois,Cook,60640
17031030706,Illinois,Cook,60640
17031030800,Illinois,Cook,60640
17031030900,Illinois,Cook,60640
17031031000,Illinois,Cook,60640
17031031100,Illinois,Cook,60640
17031031200,Illinois,Cook,60640
17031031300,Illinois,Cook,60640
17031031400,Illinois,Cook,60613
17031031501,Illinois,Cook,60640
17031031502,Illinois,Cook,60613
17031031700,Illinois,Cook,60613
17031031800,Illinois,Cook,60640
17031031900,Illinois,Cook,60613
17031032100,Illinois,Cook,60613
17031040100,Illinois,Cook,60625
17031040201,Illinois,Cook,60625
17031040202,Illinois,Cook,60625
17031040300,Illinois,Cook,60625
17031040401,Illinois,Cook,60625
17031040402,Illinois,Cook,60625
17031040600,Illinois,Cook,60625
17031040700,Illinois,Cook,60625
17031040800,Illinois,Cook,60618
17031040900,Illinois,Cook,60618
17031050100,Illinois,Cook,60613
17031050200,Illinois,Cook,60618
17031050300,Illinois,Cook,60618
17031050500,Illinois,Cook,60618
17031050600,Illinois,Cook,60613
17031050700,Illinois,Cook,60613
17031050800,Illinois,Cook,60618
17031050900,Illinois,Cook,60618
17031051000,Illinois,Cook,60618
17031051100,Illinois,Cook,60618
17031051200,Illinois,Cook,60618
17031051300,Illinois,Cook,60614
17031051400,Illinois,Cook,60618
17031060100,Illinois,Cook,60613
17031060200,Illinois,Cook,60613
17031060300,Illinois,Cook,60613
17031060400,Illinois,Cook,60613
17031060500,Illinois,Cook,60613
17031060800,Illinois,Cook,60613
17031060900,Illinois,Cook,60613
17031061000,Illinois,Cook,60613
17031061100,Illinois,Cook,60613
17031061200,Illinois,Cook,60613
17031061500,Illinois,Cook,60613
17031061800,Illinois,Cook,60613
17031061901,Illinois,Cook,60657
17031061902,Illinois,Cook,60657
17031062000,Illinois,Cook,60657
17031062100,Illinois,Cook,60657
17031062200,Illinois,Cook,60657
17031062300,Illinois,Cook,60657
17031062400,Illinois,Cook,60657
17031062500,Illinois,Cook,60657
17031062600,Illinois,Cook,60614
17031062700,Illinois,Cook,60614
17031062800,Illinois,Cook,60614
17031062900,Illinois,Cook,60614
17031063000,Illinois,Cook,60614
17031063100,Illinois,Cook,60657
17031063200,Illinois,Cook,60657
17031063301,Illinois,Cook,60614
17031063302,Illinois,Cook,60614
17031063303,Illinois,Cook,60614
17031063400,Illinois,Cook,60614
17031070101,Illinois,Cook,60614
17031070102,Illinois,Cook,60614
17031070103,Illinois,Cook,60614
17031070200,Illinois,Cook,60614
17031070300,Illinois,Cook,60614
17031070400,Illinois,Cook,60614
17031070500,Illinois,Cook,60614
17031070600,Illinois,Cook,60614
17031070700,Illinois,Cook,60614
17031071000,Illinois,Cook,60614
17031071100,Illinois,Cook,60614
17031071200,Illinois,Cook,60614
17031071300,Illinois,Cook,60614
17031071400,Illinois,Cook,60614
17031071500,Illinois,Cook,60610
17031071600,Illinois,Cook,60614
17031071700,Illinois,Cook,60610
17031071800,Illinois,Cook,60610
17031080100,Illinois,Cook,60610
17031080201,Illinois,Cook,60610
17031080202,Illinois,Cook,60610
17031080300,Illinois,Cook,60610
17031080400,Illinois,Cook,60610
17031081000,Illinois,Cook,60610
17031081100,Illinois,Cook,60610
17031081201,Illinois,Cook,60610
17031081202,Illinois,Cook,60610
17031081300,Illinois,Cook,60611
17031081401,Illinois,Cook,60611
17031081402,Illinois,Cook,60611
17031081403,Illinois,Cook,60611
17031081500,Illinois,Cook,60611
17031081600,Illinois,Cook,60654
17031081700,Illinois,Cook,60610
17031081800,Illinois,Cook,60610
17031081900,Illinois,Cook,60610
17031090100,Illinois,Cook,60631
17031090200,Illinois,Cook,60631
17031090300,Illinois,Cook,60631
17031100100,Illinois,Cook,60646
17031100200,Illinois,Cook,60631
17031100300,Illinois,Cook,60631
17031100400,Illinois,Cook,60631
17031100500,Illinois,Cook,60631
17031100600,Illinois,Cook,60630
17031100700,Illinois,Cook,60630
17031110100,Illinois,Cook,60630
17031110200,Illinois,Cook,60630
17031110300,Illinois,Cook,60630
17031110400,Illinois,Cook,60630
17031110501,Illinois,Cook,60630
17031110502,Illinois,Cook,60630
17031120100,Illinois,Cook,60646
17031120200,Illinois,Cook,60646
17031120300,Illinois,Cook,60646
17031120400,Illinois,Cook,60630
17031130100,Illinois,Cook,60646
17031130200,Illinois,Cook,60630
17031130300,Illinois,Cook,60659
17031140100,Illinois,Cook,60625
17031140200,Illinois,Cook,60625
17031140301,Illinois,Cook,60625
17031140302,Illinois,Cook,60625
17031140400,Illinois,Cook,60630
17031140500,Illinois,Cook,60630
17031140601,Illinois,Cook,60618
17031140602,Illinois,Cook,60618
17031140701,Illinois,Cook,60625
17031140702,Illinois,Cook,60618
17031140800,Illinois,Cook,60618
17031150200,Illinois,Cook,60630
17031150300,Illinois,Cook,60630
17031150401,Illinois,Cook,60630
17031150402,Illinois,Cook,60634
17031150501,Illinois,Cook,60630
17031150502,Illinois,Cook,60630
17031150600,Illinois,Cook,60634
17031150700,Illinois,Cook,60634
17031150800,Illinois,Cook,60641
17031151001,Illinois,Cook,60641
17031151002,Illinois,Cook,60641
17031151100,Illinois,Cook,60634
17031151200,Illinois,Cook,60634
17031160100,Illinois,Cook,60630
17031160200,Illinois,Cook,60630
17031160300,Illinois,Cook,60618
17031160400,Illinois,Cook,60618
17031160501,Illinois,Cook,60618
17031160502,Illinois,Cook,60618
17031160601,Illinois,Cook,60618
17031160602,Illinois,Cook,60618
17031160700,Illinois,Cook,60618
17031160800,Illinois,Cook,60618
17031160900,Illinois,Cook,60618
17031161000,Illinois,Cook,60618
17031161100,Illinois,Cook,60641
17031161200,Illinois,Cook,60641
17031161300,Illinois,Cook,60641
17031170100,Illinois,Cook,60634
17031170200,Illinois,Cook,60634
17031170300,Illinois,Cook,60634
17031170400,Illinois,Cook,60634
17031170500,Illinois,Cook,60634
17031170600,Illinois,Cook,60634
17031170700,Illinois,Cook,60634
17031170800,Illinois,Cook,60634
17031170900,Illinois,Cook,60634
17031171000,Illinois,Cook,60634
17031171100,Illinois,Cook,60634
17031180100,Illinois,Cook,60634
17031190100,Illinois,Cook,60639
17031190200,Illinois,Cook,60639
17031190300,Illinois,Cook,60634
17031190401,Illinois,Cook,60634
17031190402,Illinois,Cook,60634
17031190601,Illinois,Cook,60639
17031190602,Illinois,Cook,60639
17031190701,Illinois,Cook,60639
17031190702,Illinois,Cook,60639
17031190800,Illinois,Cook,60639
17031190900,Illinois,Cook,60639
17031191000,Illinois,Cook,60639
17031191100,Illinois,Cook,60639
17031191200,Illinois,Cook,60639
17031191301,Illinois,Cook,60639
17031191302,Illinois,Cook,60639
17031200100,Illinois,Cook,60639
17031200200,Illinois,Cook,60639
17031200300,Illinois,Cook,60639
17031200401,Illinois,Cook,60639
17031200402,Illinois,Cook,60639
17031210100,Illinois,Cook,60618
17031210400,Illinois,Cook,60639
17031210501,Illinois,Cook,60618
17031210502,Illinois,Cook,60618
17031210601,Illinois,Cook,60618
17031210602,Illinois,Cook,60618
17031210700,Illinois,Cook,60618
17031210800,Illinois,Cook,60618
17031210900,Illinois,Cook,60618
17031220300,Illinois,Cook,60647
17031220400,Illinois,Cook,60647
17031220500,Illinois,Cook,60647
17031220601,Illinois,Cook,60647
17031220602,Illinois,Cook,60647
17031220701,Illinois,Cook,60647
17031220702,Illinois,Cook,60639
17031220901,Illinois,Cook,60639
17031220902,Illinois,Cook,60639
17031221000,Illinois,Cook,60647
17031221100,Illinois,Cook,60647
17031221200,Illinois,Cook,60647
17031221300,Illinois,Cook,60647
17031221400,Illinois,Cook,60647
17031221500,Illinois,Cook,60647
17031221600,Illinois,Cook,60647
17031222200,Illinois,Cook,60647
17031222500,Illinois,Cook,60647
17031222600,Illinois,Cook,60647
17031222700,Illinois,Cook,60647
17031222800,Illinois,Cook,60647
17031222900,Illinois,Cook,60647
17031230100,Illinois,Cook,60647
17031230200,Illinois,Cook,60647
17031230300,Illinois,Cook,60647
17031230400,Illinois,Cook,60639
17031230500,Illinois,Cook,60639
17031230600,Illinois,Cook,60639
17031230700,Illinois,Cook,60647
17031230800,Illinois,Cook,60647
17031230900,Illinois,Cook,60647
17031231100,Illinois,Cook,60651
17031231200,Illinois,Cook,60651
17031231500,Illinois,Cook,60612
17031240200,Illinois,Cook,60622
17031240300,Illinois,Cook,60622
17031240500,Illinois,Cook,60647
17031240600,Illinois,Cook,60647
17031240700,Illinois,Cook,60647
17031240800,Illinois,Cook,60647
17031240900,Illinois,Cook,60622
17031241000,Illinois,Cook,60622
17031241100,Illinois,Cook,60622
17031241200,Illinois,Cook,60622
17031241300,Illinois,Cook,60622
17031241400,Illinois,Cook,60622
17031241500,Illinois,Cook,60622
17031241600,Illinois,Cook,60622
17031242000,Illinois,Cook,60622
17031242100,Illinois,Cook,60622
17031242200,Illinois,Cook,60622
17031242300,Illinois,Cook,60622
17031242400,Illinois,Cook,60622
17031242500,Illinois,Cook,60622
17031242600,Illinois,Cook,60622
17031242700,Illinois,Cook,60622
17031242800,Illinois,Cook,60612
17031242900,Illinois,Cook,60612
17031243000,Illinois,Cook,60612
17031243100,Illinois,Cook,60622
17031243200,Illinois,Cook,60622
17031243300,Illinois,Cook,60622
17031243400,Illinois,Cook,60642
17031243500,Illinois,Cook,60642
17031250200,Illinois,Cook,60639
17031250300,Illinois,Cook,60639
17031250400,Illinois,Cook,60639
17031250500,Illinois,Cook,60639
17031250600,Illinois,Cook,60639
17031250700,Illinois,Cook,60639
17031250800,Illinois,Cook,60639
17031251000,Illinois,Cook,60651
17031251100,Illinois,Cook,60651
17031251200,Illinois,Cook,60651
17031251300,Illinois,Cook,60651
17031251400,Illinois,Cook,60644
17031251500,Illinois,Cook,60644
17031251600,Illinois,Cook,60644
17031251700,Illinois,Cook,60644
17031251800,Illinois,Cook,60644
17031251900,Illinois,Cook,60644
17031252000,Illinois,Cook,60644
17031252101,Illinois,Cook,60644
17031252102,Illinois,Cook,60644
17031252201,Illinois,Cook,60644
17031252202,Illinois,Cook,60624
17031260100,Illinois,Cook,60624
17031260200,Illinois,Cook,60624
17031260300,Illinois,Cook,60624
17031260400,Illinois,Cook,60624
17031260500,Illinois,Cook,60624
17031260600,Illinois,Cook,60624
17031260700,Illinois,Cook,60624
17031260800,Illinois,Cook,60624
17031260900,Illinois,Cook,60624
17031261000,Illinois,Cook,60624
17031270500,Illinois,Cook,60624
17031271200,Illinois,Cook,60612
17031271300,Illinois,Cook,60612
17031271400,Illinois,Cook,60624
17031271500,Illinois,Cook,60624
17031271800,Illinois,Cook,60612
17031280100,Illinois,Cook,60606
17031280400,Illinois,Cook,60607
17031280800,Illinois,Cook,60612
17031280900,Illinois,Cook,60612
17031281900,Illinois,Cook,60606
17031282700,Illinois,Cook,60608
17031282800,Illinois,Cook,60608
17031283100,Illinois,Cook,60607
17031283200,Illinois,Cook,60607
17031283800,Illinois,Cook,60608
17031290900,Illinois,Cook,60623
17031291200,Illinois,Cook,60623
17031291600,Illinois,Cook,60608
17031292200,Illinois,Cook,60623
17031292400,Illinois,Cook,60623
17031292500,Illinois,Cook,60623
17031300500,Illinois,Cook,60623
17031300600,Illinois,Cook,60623
17031300700,Illinois,Cook,60623
17031300800,Illinois,Cook,60623
17031300900,Illinois,Cook,60623
17031301100,Illinois,Cook,60608
17031301200,Illinois,Cook,60608
17031301600,Illinois,Cook,60623
17031301701,Illinois,Cook,60623
17031301702,Illinois,Cook,60623
17031301801,Illinois,Cook,60623
17031301802,Illinois,Cook,60623
17031301803,Illinois,Cook,60623
17031310200,Illinois,Cook,60608
17031310300,Illinois,Cook,60608
17031310400,Illinois,Cook,60608
17031310500,Illinois,Cook,60608
17031310600,Illinois,Cook,60608
17031310700,Illinois,Cook,60608
17031310800,Illinois,Cook,60608
17031310900,Illinois,Cook,60608
17031320100,Illinois,Cook,60601
17031320400,Illinois,Cook,60602
17031320600,Illinois,Cook,60605
17031330100,Illinois,Cook,60605
17031330200,Illinois,Cook,60605
17031340300,Illinois,Cook,60616
17031340400,Illinois,Cook,60616
17031340500,Illinois,Cook,60616
17031340600,Illinois,Cook,60609
17031350100,Illinois,Cook,60616
17031350400,Illinois,Cook,60616
17031351000,Illinois,Cook,60616
17031351100,Illinois,Cook,60616
17031351400,Illinois,Cook,60609
17031351500,Illinois,Cook,60609
17031360200,Illinois,Cook,60653
17031380100,Illinois,Cook,60653
17031380200,Illinois,Cook,60653
17031380500,Illinois,Cook,60609
17031380700,Illinois,Cook,60609
17031381200,Illinois,Cook,60615
17031381400,Illinois,Cook,60609
17031381500,Illinois,Cook,60609
17031381700,Illinois,Cook,60609
17031381800,Illinois,Cook,60609
17031381900,Illinois,Cook,60615
17031390100,Illinois,Cook,60653
17031390200,Illinois,Cook,60653
17031390300,Illinois,Cook,60653
17031390400,Illinois,Cook,60615
17031390500,Illinois,Cook,60615
17031390600,Illinois,Cook,60615
17031390700,Illinois,Cook,60615
17031400300,Illinois,Cook,60609
17031400400,Illinois,Cook,60637
17031400500,Illinois,Cook,60621
17031400800,Illinois,Cook,60621
17031410100,Illinois,Cook,60615
17031410200,Illinois,Cook,60615
17031410500,Illinois,Cook,60615
17031410600,Illinois,Cook,60615
17031410700,Illinois,Cook,60615
17031410800,Illinois,Cook,60615
17031410900,Illinois,Cook,60615
17031411000,Illinois,Cook,60615
17031411100,Illinois,Cook,60615
17031411200,Illinois,Cook,60615
17031420100,Illinois,Cook,60637
17031420200,Illinois,Cook,60637
17031420300,Illinois,Cook,60637
17031420400,Illinois,Cook,60637
17031420500,Illinois,Cook,60637
17031420600,Illinois,Cook,60637
17031420700,Illinois,Cook,60637
17031420800,Illinois,Cook,60637
17031421200,Illinois,Cook,60637
17031430101,Illinois,Cook,60649
17031430102,Illinois,Cook,60649
17031430200,Illinois,Cook,60649
17031430300,Illinois,Cook,60619
17031430400,Illinois,Cook,60619
17031430500,Illinois,Cook,60649
17031430600,Illinois,Cook,60649
17031430700,Illinois,Cook,60649
17031430800,Illinois,Cook,60649
17031430900,Illinois,Cook,60649
17031431200,Illinois,Cook,60649
17031431301,Illinois,Cook,60649
17031431302,Illinois,Cook,60649
17031431400,Illinois,Cook,60649
17031440101,Illinois,Cook,60619
17031440102,Illinois,Cook,60619
17031440201,Illinois,Cook,60619
17031440202,Illinois,Cook,60619
17031440300,Illinois,Cook,60619
17031440600,Illinois,Cook,60619
17031440700,Illinois,Cook,60619
17031440800,Illinois,Cook,60619
17031440900,Illinois,Cook,60619
17031450300,Illinois,Cook,60617
17031460100,Illinois,Cook,60617
17031460200,Illinois,Cook,60617
17031460301,Illinois,Cook,60617
17031460302,Illinois,Cook,60617
17031460400,Illinois,Cook,60617
17031460500,Illinois,Cook,60617
17031460600,Illinois,Cook,60617
17031460700,Illinois,Cook,60617
17031461000,Illinois,Cook,60617
17031470100,Illinois,Cook,60619
17031480100,Illinois,Cook,60617
17031480200,Illinois,Cook,60617
17031480300,Illinois,Cook,60617
17031480400,Illinois,Cook,60617
17031480500,Illinois,Cook,60617
17031490300,Illinois,Cook,60619
17031490400,Illinois,Cook,60619
17031490500,Illinois,Cook,60619
17031490600,Illinois,Cook,60620
17031490700,Illinois,Cook,60628
17031490800,Illinois,Cook,60628
17031490901,Illinois,Cook,60628
17031490902,Illinois,Cook,60628
17031491000,Illinois,Cook,60628
17031491100,Illinois,Cook,60628
17031491200,Illinois,Cook,60628
17031491300,Illinois,Cook,60628
17031491400,Illinois,Cook,60628
17031500100,Illinois,Cook,60619
17031500200,Illinois,Cook,60628
17031500300,Illinois,Cook,60628
17031510100,Illinois,Cook,60617
17031510200,Illinois,Cook,60617
17031510300,Illinois,Cook,60617
17031520100,Illinois,Cook,60617
17031520200,Illinois,Cook,60617
17031520300,Illinois,Cook,60617
17031520400,Illinois,Cook,60617
17031520500,Illinois,Cook,60617
17031520600,Illinois,Cook,60617
17031530100,Illinois,Cook,60628
17031530200,Illinois,Cook,60628
17031530300,Illinois,Cook,60628
17031530400,Illinois,Cook,60628
17031530501,Illinois,Cook,60628
17031530502,Illinois,Cook,60628
17031530503,Illinois,Cook,60628
17031530600,Illinois,Cook,60628
17031540101,Illinois,Cook,#N/A
17031540102,Illinois,Cook,60628
17031550100,Illinois,Cook,60617
17031550200,Illinois,Cook,60633
17031560100,Illinois,Cook,60632
17031560200,Illinois,Cook,60632
17031560300,Illinois,Cook,60638
17031560400,Illinois,Cook,60632
17031560700,Illinois,Cook,60638
17031560800,Illinois,Cook,60638
17031560900,Illinois,Cook,60638
17031561000,Illinois,Cook,60638
17031561100,Illinois,Cook,60638
17031570100,Illinois,Cook,60632
17031570200,Illinois,Cook,60632
17031570300,Illinois,Cook,60632
17031570400,Illinois,Cook,60632
17031570500,Illinois,Cook,60632
17031580100,Illinois,Cook,60608
17031580200,Illinois,Cook,60608
17031580300,Illinois,Cook,60632
17031580400,Illinois,Cook,60632
17031580501,Illinois,Cook,60632
17031580502,Illinois,Cook,60632
17031580600,Illinois,Cook,60632
17031580700,Illinois,Cook,60609
17031580800,Illinois,Cook,60609
17031590500,Illinois,Cook,60609
17031590600,Illinois,Cook,60609
17031590700,Illinois,Cook,60609
17031600400,Illinois,Cook,60608
17031600600,Illinois,Cook,60608
17031600700,Illinois,Cook,60608
17031600900,Illinois,Cook,60608
17031610300,Illinois,Cook,60609
17031610400,Illinois,Cook,60609
17031610800,Illinois,Cook,60609
17031611000,Illinois,Cook,60609
17031611100,Illinois,Cook,60609
17031611200,Illinois,Cook,60609
17031611300,Illinois,Cook,60609
17031611400,Illinois,Cook,60609
17031611500,Illinois,Cook,60609
17031611600,Illinois,Cook,60609
17031611700,Illinois,Cook,60609
17031611800,Illinois,Cook,60609
17031611900,Illinois,Cook,60609
17031612000,Illinois,Cook,60609
17031612100,Illinois,Cook,60609
17031620100,Illinois,Cook,60632
17031620200,Illinois,Cook,60632
17031620300,Illinois,Cook,60629
17031620400,Illinois,Cook,60629
17031630100,Illinois,Cook,60609
17031630200,Illinois,Cook,60609
17031630300,Illinois,Cook,60632
17031630400,Illinois,Cook,60632
17031630500,Illinois,Cook,60609
17031630800,Illinois,Cook,60629
17031630900,Illinois,Cook,60629
17031640100,Illinois,Cook,60629
17031640300,Illinois,Cook,60638
17031640400,Illinois,Cook,60638
17031640500,Illinois,Cook,60638
17031640600,Illinois,Cook,60638
17031640700,Illinois,Cook,60638
17031640800,Illinois,Cook,60629
17031650100,Illinois,Cook,60629
17031650200,Illinois,Cook,60629
17031650301,Illinois,Cook,60629
17031650302,Illinois,Cook,60629
17031650400,Illinois,Cook,60629
17031650500,Illinois,Cook,60629
17031660301,Illinois,Cook,60629
17031660302,Illinois,Cook,60629
17031660400,Illinois,Cook,60629
17031660500,Illinois,Cook,60629
17031660600,Illinois,Cook,60629
17031660700,Illinois,Cook,60636
17031660800,Illinois,Cook,60629
17031660900,Illinois,Cook,60629
17031661000,Illinois,Cook,60629
17031661100,Illinois,Cook,60629
17031670100,Illinois,Cook,60636
17031670200,Illinois,Cook,60636
17031670300,Illinois,Cook,60636
17031670400,Illinois,Cook,60636
17031670500,Illinois,Cook,60636
17031670600,Illinois,Cook,60636
17031670700,Illinois,Cook,60636
17031670800,Illinois,Cook,60636
17031670900,Illinois,Cook,60636
17031671100,Illinois,Cook,60636
17031671200,Illinois,Cook,60636
17031671300,Illinois,Cook,60636
17031671400,Illinois,Cook,60636
17031671500,Illinois,Cook,60636
17031671600,Illinois,Cook,60636
17031671800,Illinois,Cook,60636
17031671900,Illinois,Cook,60636
17031672000,Illinois,Cook,60636
17031680500,Illinois,Cook,60621
17031680600,Illinois,Cook,60621
17031680900,Illinois,Cook,60621
17031681000,Illinois,Cook,60621
17031681100,Illinois,Cook,60621
17031681200,Illinois,Cook,60621
17031681300,Illinois,Cook,60620
17031681400,Illinois,Cook,60621
17031690300,Illinois,Cook,60621
17031690400,Illinois,Cook,60619
17031690500,Illinois,Cook,60619
17031690900,Illinois,Cook,60619
17031691000,Illinois,Cook,60619
17031691100,Illinois,Cook,60621
17031691200,Illinois,Cook,60620
17031691300,Illinois,Cook,60619
17031691400,Illinois,Cook,60619
17031691500,Illinois,Cook,60619
17031700100,Illinois,Cook,60620
17031700200,Illinois,Cook,60629
17031700301,Illinois,Cook,60652
17031700302,Illinois,Cook,60652
17031700401,Illinois,Cook,60652
17031700402,Illinois,Cook,60652
17031700501,Illinois,Cook,60620
17031700502,Illinois,Cook,60620
17031710100,Illinois,Cook,60620
17031710200,Illinois,Cook,60620
17031710300,Illinois,Cook,60620
17031710400,Illinois,Cook,60620
17031710500,Illinois,Cook,60620
17031710600,Illinois,Cook,60620
17031710700,Illinois,Cook,60620
17031710800,Illinois,Cook,60620
17031710900,Illinois,Cook,60620
17031711000,Illinois,Cook,60620
17031711100,Illinois,Cook,60620
17031711200,Illinois,Cook,60620
17031711300,Illinois,Cook,60620
17031711400,Illinois,Cook,60620
17031711500,Illinois,Cook,60620
17031720100,Illinois,Cook,60620
17031720200,Illinois,Cook,60643
17031720300,Illinois,Cook,60643
17031720400,Illinois,Cook,60643
17031720500,Illinois,Cook,60643
17031720600,Illinois,Cook,60643
17031720700,Illinois,Cook,60643
17031730100,Illinois,Cook,60620
17031730201,Illinois,Cook,60620
17031730202,Illinois,Cook,60620
17031730300,Illinois,Cook,60620
17031730400,Illinois,Cook,60628
17031730500,Illinois,Cook,60628
17031730600,Illinois,Cook,60628
17031730700,Illinois,Cook,60628
17031740100,Illinois,Cook,60655
17031740200,Illinois,Cook,60655
17031740300,Illinois,Cook,60655
17031740400,Illinois,Cook,60655
17031750100,Illinois,Cook,60628
17031750200,Illinois,Cook,60643
17031750300,Illinois,Cook,60643
17031750400,Illinois,Cook,60643
17031750500,Illinois,Cook,60643
17031750600,Illinois,Cook,60628
17031760801,Illinois,Cook,60631
17031760802,Illinois,Cook,60634
17031760803,Illinois,Cook,60656
17031770201,Illinois,Cook,#N/A
17031770202,Illinois,Cook,#N/A
17031770300,Illinois,Cook,#N/A
17031770400,Illinois,Cook,#N/A
17031770500,Illinois,Cook,#N/A
17031770601,Illinois,Cook,#N/A
17031770602,Illinois,Cook,60666
17031770700,Illinois,Cook,60656
17031770800,Illinois,Cook,#N/A
17031770901,Illinois,Cook,#N/A
17031770902,Illinois,Cook,60656
17031800100,Illinois,Cook,#N/A
17031800200,Illinois,Cook,#N/A
17031800300,Illinois,Cook,#N/A
17031800400,Illinois,Cook,#N/A
17031800500,Illinois,Cook,#N/A
17031800600,Illinois,Cook,#N/A
17031800700,Illinois,Cook,#N/A
17031800800,Illinois,Cook,#N/A
17031800900,Illinois,Cook,#N/A
17031801000,Illinois,Cook,#N/A
17031801100,Illinois,Cook,#N/A
17031801200,Illinois,Cook,#N/A
17031801300,Illinois,Cook,#N/A
17031801400,Illinois,Cook,#N/A
17031801500,Illinois,Cook,#N/A
17031801601,Illinois,Cook,#N/A
17031801603,Illinois,Cook,#N/A
17031801605,Illinois,Cook,#N/A
17031801606,Illinois,Cook,#N/A
17031801607,Illinois,Cook,#N/A
17031801608,Illinois,Cook,#N/A
17031801701,Illinois,Cook,#N/A
17031801702,Illinois,Cook,#N/A
17031801800,Illinois,Cook,#N/A
17031801901,Illinois,Cook,#N/A
17031801902,Illinois,Cook,#N/A
17031802002,Illinois,Cook,#N/A
17031802003,Illinois,Cook,#N/A
17031802004,Illinois,Cook,#N/A
17031802100,Illinois,Cook,#N/A
17031802200,Illinois,Cook,#N/A
17031802300,Illinois,Cook,#N/A
17031802402,Illinois,Cook,#N/A
17031802403,Illinois,Cook,#N/A
17031802404,Illinois,Cook,#N/A
17031802503,Illinois,Cook,#N/A
17031802504,Illinois,Cook,#N/A
17031802505,Illinois,Cook,#N/A
17031802506,Illinois,Cook,#N/A
17031802605,Illinois,Cook,#N/A
17031802607,Illinois,Cook,#N/A
17031802608,Illinois,Cook,#N/A
17031802609,Illinois,Cook,#N/A
17031802610,Illinois,Cook,#N/A
17031802701,Illinois,Cook,#N/A
17031802702,Illinois,Cook,#N/A
17031802801,Illinois,Cook,#N/A
17031802802,Illinois,Cook,#N/A
17031802900,Illinois,Cook,#N/A
17031803005,Illinois,Cook,#N/A
17031803007,Illinois,Cook,#N/A
17031803008,Illinois,Cook,#N/A
17031803010,Illinois,Cook,#N/A
17031803012,Illinois,Cook,#N/A
17031803013,Illinois,Cook,#N/A
17031803014,Illinois,Cook,#N/A
17031803015,Illinois,Cook,#N/A
17031803016,Illinois,Cook,#N/A
17031803017,Illinois,Cook,#N/A
17031803100,Illinois,Cook,#N/A
17031803200,Illinois,Cook,#N/A
17031803300,Illinois,Cook,#N/A
17031803400,Illinois,Cook,#N/A
17031803500,Illinois,Cook,#N/A
17031803603,Illinois,Cook,#N/A
17031803604,Illinois,Cook,#N/A
17031803605,Illinois,Cook,#N/A
17031803606,Illinois,Cook,#N/A
17031803607,Illinois,Cook,#N/A
17031803608,Illinois,Cook,#N/A
17031803610,Illinois,Cook,#N/A
17031803611,Illinois,Cook,#N/A
17031803612,Illinois,Cook,#N/A
17031803701,Illinois,Cook,#N/A
17031803702,Illinois,Cook,#N/A
17031803800,Illinois,Cook,#N/A
17031803901,Illinois,Cook,#N/A
17031803902,Illinois,Cook,#N/A
17031804000,Illinois,Cook,#N/A
17031804102,Illinois,Cook,#N/A
17031804104,Illinois,Cook,#N/A
17031804105,Illinois,Cook,#N/A
17031804106,Illinois,Cook,#N/A
17031804108,Illinois,Cook,#N/A
17031804109,Illinois,Cook,#N/A
17031804201,Illinois,Cook,#N/A
17031804202,Illinois,Cook,#N/A
17031804305,Illinois,Cook,#N/A
17031804306,Illinois,Cook,#N/A
17031804308,Illinois,Cook,#N/A
17031804309,Illinois,Cook,#N/A
17031804310,Illinois,Cook,#N/A
17031804311,Illinois,Cook,#N/A
17031804403,Illinois,Cook,#N/A
17031804404,Illinois,Cook,#N/A
17031804405,Illinois,Cook,#N/A
17031804406,Illinois,Cook,#N/A
17031804505,Illinois,Cook,#N/A
17031804506,Illinois,Cook,#N/A
17031804507,Illinois,Cook,#N/A
17031804508,Illinois,Cook,#N/A
17031804509,Illinois,Cook,#N/A
17031804510,Illinois,Cook,#N/A
17031804511,Illinois,Cook,#N/A
17031804603,Illinois,Cook,#N/A
17031804606,Illinois,Cook,#N/A
17031804607,Illinois,Cook,#N/A
17031804608,Illinois,Cook,#N/A
17031804609,Illinois,Cook,#N/A
17031804610,Illinois,Cook,#N/A
17031804611,Illinois,Cook,#N/A
17031804701,Illinois,Cook,#N/A
17031804705,Illinois,Cook,#N/A
17031804706,Illinois,Cook,#N/A
17031804709,Illinois,Cook,#N/A
17031804710,Illinois,Cook,#N/A
17031804711,Illinois,Cook,#N/A
17031804712,Illinois,Cook,#N/A
17031804713,Illinois,Cook,#N/A
17031804714,Illinois,Cook,#N/A
17031804715,Illinois,Cook,#N/A
17031804716,Illinois,Cook,#N/A
17031804803,Illinois,Cook,#N/A
17031804804,Illinois,Cook,#N/A
17031804805,Illinois,Cook,#N/A
17031804806,Illinois,Cook,#N/A
17031804807,Illinois,Cook,#N/A
17031804808,Illinois,Cook,#N/A
17031804809,Illinois,Cook,#N/A
17031804810,Illinois,Cook,#N/A
17031804901,Illinois,Cook,#N/A
17031804902,Illinois,Cook,#N/A
17031805001,Illinois,Cook,#N/A
17031805002,Illinois,Cook,#N/A
17031805105,Illinois,Cook,#N/A
17031805106,Illinois,Cook,#N/A
17031805107,Illinois,Cook,#N/A
17031805108,Illinois,Cook,#N/A
17031805109,Illinois,Cook,#N/A
17031805110,Illinois,Cook,#N/A
17031805111,Illinois,Cook,#N/A
17031805112,Illinois,Cook,#N/A
17031805201,Illinois,Cook,#N/A
17031805202,Illinois,Cook,#N/A
17031805301,Illinois,Cook,#N/A
17031805302,Illinois,Cook,#N/A
17031805401,Illinois,Cook,#N/A
17031805402,Illinois,Cook,#N/A
17031805501,Illinois,Cook,#N/A
17031805502,Illinois,Cook,60631
17031805600,Illinois,Cook,#N/A
17031805701,Illinois,Cook,#N/A
17031805702,Illinois,Cook,#N/A
17031805801,Illinois,Cook,#N/A
17031805802,Illinois,Cook,#N/A
17031805901,Illinois,Cook,#N/A
17031805902,Illinois,Cook,#N/A
17031806001,Illinois,Cook,#N/A
17031806002,Illinois,Cook,#N/A
17031806003,Illinois,Cook,#N/A
17031806004,Illinois,Cook,#N/A
17031806102,Illinois,Cook,#N/A
17031806103,Illinois,Cook,#N/A
17031806104,Illinois,Cook,#N/A
17031806201,Illinois,Cook,#N/A
17031806202,Illinois,Cook,#N/A
17031806300,Illinois,Cook,#N/A
17031806400,Illinois,Cook,#N/A
17031806501,Illinois,Cook,#N/A
17031806502,Illinois,Cook,#N/A
17031806600,Illinois,Cook,#N/A
17031806700,Illinois,Cook,#N/A
17031806801,Illinois,Cook,#N/A
17031806802,Illinois,Cook,#N/A
17031806900,Illinois,Cook,#N/A
17031807000,Illinois,Cook,#N/A
17031807100,Illinois,Cook,#N/A
17031807200,Illinois,Cook,#N/A
17031807300,Illinois,Cook,#N/A
17031807400,Illinois,Cook,#N/A
17031807500,Illinois,Cook,#N/A
17031807600,Illinois,Cook,#N/A
17031807700,Illinois,Cook,#N/A
17031807800,Illinois,Cook,60646
17031807900,Illinois,Cook,60606
17031808001,Illinois,Cook,#N/A
17031808002,Illinois,Cook,60646
17031808100,Illinois,Cook,60631
17031808200,Illinois,Cook,#N/A
17031808301,Illinois,Cook,#N/A
17031808302,Illinois,Cook,#N/A
17031808400,Illinois,Cook,#N/A
17031808500,Illinois,Cook,#N/A
17031808600,Illinois,Cook,#N/A
17031808702,Illinois,Cook,#N/A
17031808800,Illinois,Cook,#N/A
17031808900,Illinois,Cook,#N/A
17031809000,Illinois,Cook,#N/A
17031809100,Illinois,Cook,#N/A
17031809200,Illinois,Cook,#N/A
17031809300,Illinois,Cook,#N/A
17031809400,Illinois,Cook,#N/A
17031809500,Illinois,Cook,#N/A
17031809600,Illinois,Cook,#N/A
17031809700,Illinois,Cook,#N/A
17031809800,Illinois,Cook,#N/A
17031809900,Illinois,Cook,#N/A
17031810000,Illinois,Cook,#N/A
17031810100,Illinois,Cook,#N/A
17031810200,Illinois,Cook,#N/A
17031810301,Illinois,Cook,#N/A
17031810302,Illinois,Cook,#N/A
17031810400,Illinois,Cook,60631
17031810501,Illinois,Cook,#N/A
17031810502,Illinois,Cook,60634
17031810600,Illinois,Cook,60634
17031810701,Illinois,Cook,#N/A
17031810702,Illinois,Cook,#N/A
17031810800,Illinois,Cook,#N/A
17031810900,Illinois,Cook,#N/A
17031811000,Illinois,Cook,#N/A
17031811100,Illinois,Cook,#N/A
17031811200,Illinois,Cook,#N/A
17031811301,Illinois,Cook,#N/A
17031811302,Illinois,Cook,#N/A
17031811401,Illinois,Cook,#N/A
17031811402,Illinois,Cook,#N/A
17031811500,Illinois,Cook,#N/A
17031811600,Illinois,Cook,#N/A
17031811701,Illinois,Cook,#N/A
17031811702,Illinois,Cook,#N/A
17031811800,Illinois,Cook,#N/A
17031811900,Illinois,Cook,#N/A
17031812000,Illinois,Cook,#N/A
17031812100,Illinois,Cook,#N/A
17031812200,Illinois,Cook,#N/A
17031812301,Illinois,Cook,#N/A
17031812302,Illinois,Cook,#N/A
17031812400,Illinois,Cook,#N/A
17031812500,Illinois,Cook,#N/A
17031812600,Illinois,Cook,#N/A
17031812700,Illinois,Cook,#N/A
17031812801,Illinois,Cook,#N/A
17031812802,Illinois,Cook,#N/A
17031812900,Illinois,Cook,#N/A
17031813000,Illinois,Cook,#N/A
17031813100,Illinois,Cook,#N/A
17031813200,Illinois,Cook,#N/A
17031813301,Illinois,Cook,#N/A
17031813302,Illinois,Cook,60644
17031813400,Illinois,Cook,#N/A
17031813500,Illinois,Cook,#N/A
17031813600,Illinois,Cook,#N/A
17031813701,Illinois,Cook,#N/A
17031813702,Illinois,Cook,#N/A
17031813801,Illinois,Cook,#N/A
17031813802,Illinois,Cook,#N/A
17031813900,Illinois,Cook,#N/A
17031814000,Illinois,Cook,#N/A
17031814100,Illinois,Cook,#N/A
17031814200,Illinois,Cook,#N/A
17031814300,Illinois,Cook,#N/A
17031814400,Illinois,Cook,#N/A
17031814500,Illinois,Cook,#N/A
17031814600,Illinois,Cook,#N/A
17031814700,Illinois,Cook,#N/A
17031814800,Illinois,Cook,#N/A
17031814900,Illinois,Cook,#N/A
17031815000,Illinois,Cook,#N/A
17031815100,Illinois,Cook,#N/A
17031815200,Illinois,Cook,#N/A
17031815300,Illinois,Cook,#N/A
17031815400,Illinois,Cook,#N/A
17031815500,Illinois,Cook,#N/A
17031815600,Illinois,Cook,#N/A
17031815701,Illinois,Cook,#N/A
17031815702,Illinois,Cook,#N/A
17031815800,Illinois,Cook,#N/A
17031815900,Illinois,Cook,#N/A
17031816000,Illinois,Cook,#N/A
17031816100,Illinois,Cook,#N/A
17031816200,Illinois,Cook,#N/A
17031816300,Illinois,Cook,#N/A
17031816401,Illinois,Cook,#N/A
17031816402,Illinois,Cook,#N/A
17031816500,Illinois,Cook,#N/A
17031816600,Illinois,Cook,#N/A
17031816700,Illinois,Cook,#N/A
17031816800,Illinois,Cook,#N/A
17031816900,Illinois,Cook,#N/A
17031817000,Illinois,Cook,#N/A
17031817101,Illinois,Cook,#N/A
17031817102,Illinois,Cook,#N/A
17031817200,Illinois,Cook,#N/A
17031817300,Illinois,Cook,#N/A
17031817400,Illinois,Cook,#N/A
17031817500,Illinois,Cook,#N/A
17031817600,Illinois,Cook,#N/A
17031817700,Illinois,Cook,#N/A
17031817900,Illinois,Cook,#N/A
17031818000,Illinois,Cook,#N/A
17031818100,Illinois,Cook,#N/A
17031818200,Illinois,Cook,#N/A
17031818300,Illinois,Cook,#N/A
17031818401,Illinois,Cook,#N/A
17031818402,Illinois,Cook,#N/A
17031818500,Illinois,Cook,#N/A
17031818600,Illinois,Cook,#N/A
17031818700,Illinois,Cook,#N/A
17031818800,Illinois,Cook,#N/A
17031818900,Illinois,Cook,#N/A
17031819000,Illinois,Cook,#N/A
17031819100,Illinois,Cook,#N/A
17031819200,Illinois,Cook,#N/A
17031819300,Illinois,Cook,#N/A
17031819400,Illinois,Cook,#N/A
17031819500,Illinois,Cook,#N/A
17031819600,Illinois,Cook,#N/A
17031819700,Illinois,Cook,#N/A
17031819801,Illinois,Cook,#N/A
17031819802,Illinois,Cook,#N/A
17031819900,Illinois,Cook,#N/A
17031820000,Illinois,Cook,#N/A
17031820101,Illinois,Cook,#N/A
17031820103,Illinois,Cook,#N/A
17031820104,Illinois,Cook,#N/A
17031820201,Illinois,Cook,#N/A
17031820202,Illinois,Cook,#N/A
17031820300,Illinois,Cook,#N/A
17031820400,Illinois,Cook,#N/A
17031820501,Illinois,Cook,#N/A
17031820502,Illinois,Cook,#N/A
17031820603,Illinois,Cook,#N/A
17031820604,Illinois,Cook,#N/A
17031820605,Illinois,Cook,#N/A
17031820606,Illinois,Cook,#N/A
17031820700,Illinois,Cook,#N/A
17031820800,Illinois,Cook,#N/A
17031820901,Illinois,Cook,#N/A
17031820902,Illinois,Cook,#N/A
17031821001,Illinois,Cook,#N/A
17031821002,Illinois,Cook,#N/A
17031821101,Illinois,Cook,#N/A
17031821102,Illinois,Cook,#N/A
17031821200,Illinois,Cook,#N/A
17031821300,Illinois,Cook,#N/A
17031821401,Illinois,Cook,#N/A
17031821402,Illinois,Cook,#N/A
17031821500,Illinois,Cook,#N/A
17031821600,Illinois,Cook,#N/A
17031821700,Illinois,Cook,#N/A
17031821800,Illinois,Cook,#N/A
17031821900,Illinois,Cook,#N/A
17031822000,Illinois,Cook,#N/A
17031822101,Illinois,Cook,#N/A
17031822102,Illinois,Cook,#N/A
17031822200,Illinois,Cook,#N/A
17031822301,Illinois,Cook,#N/A
17031822302,Illinois,Cook,#N/A
17031822400,Illinois,Cook,#N/A
17031822500,Illinois,Cook,#N/A
17031822601,Illinois,Cook,#N/A
17031822602,Illinois,Cook,#N/A
17031822701,Illinois,Cook,#N/A
17031822702,Illinois,Cook,#N/A
17031822801,Illinois,Cook,#N/A
17031822802,Illinois,Cook,#N/A
17031822900,Illinois,Cook,#N/A
17031823001,Illinois,Cook,#N/A
17031823002,Illinois,Cook,#N/A
17031823101,Illinois,Cook,#N/A
17031823102,Illinois,Cook,#N/A
17031823200,Illinois,Cook,#N/A
17031823302,Illinois,Cook,#N/A
17031823303,Illinois,Cook,#N/A
17031823304,Illinois,Cook,#N/A
17031823400,Illinois,Cook,#N/A
17031823500,Illinois,Cook,#N/A
17031823602,Illinois,Cook,#N/A
17031823603,Illinois,Cook,#N/A
17031823604,Illinois,Cook,#N/A
17031823605,Illinois,Cook,#N/A
17031823702,Illinois,Cook,#N/A
17031823703,Illinois,Cook,#N/A
17031823704,Illinois,Cook,#N/A
17031823705,Illinois,Cook,#N/A
17031823801,Illinois,Cook,#N/A
17031823803,Illinois,Cook,#N/A
17031823805,Illinois,Cook,#N/A
17031823806,Illinois,Cook,#N/A
17031823901,Illinois,Cook,#N/A
17031823903,Illinois,Cook,#N/A
17031823904,Illinois,Cook,#N/A
17031824003,Illinois,Cook,#N/A
17031824004,Illinois,Cook,#N/A
17031824005,Illinois,Cook,#N/A
17031824006,Illinois,Cook,#N/A
17031824105,Illinois,Cook,#N/A
17031824106,Illinois,Cook,#N/A
17031824107,Illinois,Cook,#N/A
17031824108,Illinois,Cook,#N/A
17031824113,Illinois,Cook,#N/A
17031824114,Illinois,Cook,#N/A
17031824115,Illinois,Cook,#N/A
17031824116,Illinois,Cook,#N/A
17031824117,Illinois,Cook,#N/A
17031824119,Illinois,Cook,#N/A
17031824120,Illinois,Cook,#N/A
17031824121,Illinois,Cook,#N/A
17031824122,Illinois,Cook,#N/A
17031824123,Illinois,Cook,#N/A
17031824300,Illinois,Cook,#N/A
17031824400,Illinois,Cook,#N/A
17031824503,Illinois,Cook,#N/A
17031824505,Illinois,Cook,#N/A
17031824506,Illinois,Cook,#N/A
17031824507,Illinois,Cook,#N/A
17031824601,Illinois,Cook,#N/A
17031824602,Illinois,Cook,#N/A
17031824701,Illinois,Cook,#N/A
17031824702,Illinois,Cook,#N/A
17031824800,Illinois,Cook,#N/A
17031824900,Illinois,Cook,#N/A
17031825000,Illinois,Cook,#N/A
17031825200,Illinois,Cook,#N/A
17031825302,Illinois,Cook,#N/A
17031825303,Illinois,Cook,#N/A
17031825304,Illinois,Cook,#N/A
17031825400,Illinois,Cook,#N/A
17031825501,Illinois,Cook,#N/A
17031825503,Illinois,Cook,#N/A
17031825504,Illinois,Cook,#N/A
17031825505,Illinois,Cook,#N/A
17031825600,Illinois,Cook,#N/A
17031825700,Illinois,Cook,#N/A
17031825801,Illinois,Cook,#N/A
17031825802,Illinois,Cook,#N/A
17031825803,Illinois,Cook,#N/A
17031825900,Illinois,Cook,#N/A
17031826000,Illinois,Cook,#N/A
17031826100,Illinois,Cook,#N/A
17031826201,Illinois,Cook,#N/A
17031826202,Illinois,Cook,#N/A
17031826301,Illinois,Cook,#N/A
17031826303,Illinois,Cook,#N/A
17031826304,Illinois,Cook,#N/A
17031826401,Illinois,Cook,#N/A
17031826402,Illinois,Cook,#N/A
17031826500,Illinois,Cook,#N/A
17031826600,Illinois,Cook,#N/A
17031826700,Illinois,Cook,#N/A
17031826800,Illinois,Cook,#N/A
17031826901,Illinois,Cook,#N/A
17031826902,Illinois,Cook,#N/A
17031827000,Illinois,Cook,#N/A
17031827100,Illinois,Cook,#N/A
17031827200,Illinois,Cook,#N/A
17031827300,Illinois,Cook,#N/A
17031827400,Illinois,Cook,#N/A
17031827500,Illinois,Cook,#N/A
17031827600,Illinois,Cook,#N/A
17031827700,Illinois,Cook,#N/A
17031827801,Illinois,Cook,#N/A
17031827802,Illinois,Cook,#N/A
17031827804,Illinois,Cook,#N/A
17031827805,Illinois,Cook,#N/A
17031827901,Illinois,Cook,#N/A
17031827902,Illinois,Cook,#N/A
17031828000,Illinois,Cook,#N/A
17031828100,Illinois,Cook,#N/A
17031828201,Illinois,Cook,#N/A
17031828202,Illinois,Cook,#N/A
17031828300,Illinois,Cook,#N/A
17031828401,Illinois,Cook,#N/A
17031828402,Illinois,Cook,#N/A
17031828503,Illinois,Cook,#N/A
17031828504,Illinois,Cook,#N/A
17031828505,Illinois,Cook,#N/A
17031828506,Illinois,Cook,#N/A
17031828601,Illinois,Cook,#N/A
17031828602,Illinois,Cook,#N/A
17031828701,Illinois,Cook,#N/A
17031828702,Illinois,Cook,#N/A
17031828801,Illinois,Cook,#N/A
17031828802,Illinois,Cook,#N/A
17031828900,Illinois,Cook,#N/A
17031829000,Illinois,Cook,#N/A
17031829100,Illinois,Cook,#N/A
17031829200,Illinois,Cook,#N/A
17031829301,Illinois,Cook,#N/A
17031829302,Illinois,Cook,#N/A
17031829401,Illinois,Cook,#N/A
17031829402,Illinois,Cook,#N/A
17031829500,Illinois,Cook,#N/A
17031829600,Illinois,Cook,#N/A
17031829700,Illinois,Cook,#N/A
17031829800,Illinois,Cook,#N/A
17031829901,Illinois,Cook,#N/A
17031829902,Illinois,Cook,#N/A
17031830001,Illinois,Cook,#N/A
17031830003,Illinois,Cook,#N/A
17031830004,Illinois,Cook,#N/A
17031830005,Illinois,Cook,#N/A
17031830006,Illinois,Cook,#N/A
17031830007,Illinois,Cook,#N/A
17031830008,Illinois,Cook,#N/A
17031830100,Illinois,Cook,#N/A
17031830201,Illinois,Cook,#N/A
17031830202,Illinois,Cook,#N/A
17031830300,Illinois,Cook,#N/A
17031830400,Illinois,Cook,#N/A
17031830500,Illinois,Cook,#N/A
17031830600,Illinois,Cook,#N/A
17031830700,Illinois,Cook,#N/A
17031830800,Illinois,Cook,#N/A
17031830900,Illinois,Cook,#N/A
17031831000,Illinois,Cook,#N/A
17031831100,Illinois,Cook,#N/A
17031831200,Illinois,Cook,#N/A
17031831300,Illinois,Cook,#N/A
17031831400,Illinois,Cook,#N/A
17031831500,Illinois,Cook,#N/A
17031831600,Illinois,Cook,#N/A
17031831700,Illinois,Cook,#N/A
17031831800,Illinois,Cook,#N/A
17031831900,Illinois,Cook,#N/A
17031832000,Illinois,Cook,#N/A
17031832100,Illinois,Cook,#N/A
17031832200,Illinois,Cook,#N/A
17031832300,Illinois,Cook,#N/A
17031832400,Illinois,Cook,#N/A
17031832500,Illinois,Cook,#N/A
17031832600,Illinois,Cook,#N/A
17031832900,Illinois,Cook,#N/A
17031833000,Illinois,Cook,#N/A
17031833100,Illinois,Cook,#N/A
17031833300,Illinois,Cook,#N/A
17031833900,Illinois,Cook,#N/A
17031834000,Illinois,Cook,#N/A
17031834200,Illinois,Cook,#N/A
17031834300,Illinois,Cook,#N/A
17031834400,Illinois,Cook,#N/A
17031834500,Illinois,Cook,#N/A
17031834600,Illinois,Cook,#N/A
17031834700,Illinois,Cook,#N/A
17031834800,Illinois,Cook,#N/A
17031834900,Illinois,Cook,#N/A
17031835000,Illinois,Cook,#N/A
17031835100,Illinois,Cook,#N/A
17031835200,Illinois,Cook,#N/A
17031835500,Illinois,Cook,#N/A
17031835600,Illinois,Cook,#N/A
17031835700,Illinois,Cook,#N/A
17031835800,Illinois,Cook,#N/A
17031835900,Illinois,Cook,#N/A
17031836000,Illinois,Cook,#N/A
17031836100,Illinois,Cook,#N/A
17031836200,Illinois,Cook,#N/A
17031836300,Illinois,Cook,#N/A
17031836400,Illinois,Cook,#N/A
17031836500,Illinois,Cook,#N/A
17031836600,Illinois,Cook,#N/A
17031836700,Illinois,Cook,#N/A
17031836800,Illinois,Cook,#N/A
17031836900,Illinois,Cook,#N/A
17031837000,Illinois,Cook,#N/A
17031837100,Illinois,Cook,#N/A
17031837300,Illinois,Cook,#N/A
17031837400,Illinois,Cook,#N/A
17031837800,Illinois,Cook,#N/A
17031838000,Illinois,Cook,#N/A
17031838100,Illinois,Cook,#N/A
17031838200,Illinois,Cook,#N/A
17031838300,Illinois,Cook,#N/A
17031838600,Illinois,Cook,#N/A
17031838700,Illinois,Cook,#N/A
17031838800,Illinois,Cook,#N/A
17031839000,Illinois,Cook,#N/A
17031839100,Illinois,Cook,#N/A
17031839200,Illinois,Cook,#N/A
17031839500,Illinois,Cook,#N/A
17031839600,Illinois,Cook,#N/A
17031839700,Illinois,Cook,#N/A
17031839800,Illinois,Cook,#N/A
17031839900,Illinois,Cook,#N/A
17031840000,Illinois,Cook,#N/A
17031840100,Illinois,Cook,#N/A
17031840200,Illinois,Cook,#N/A
17031840300,Illinois,Cook,#N/A
17031840400,Illinois,Cook,#N/A
17031840700,Illinois,Cook,#N/A
17031840800,Illinois,Cook,#N/A
17031841000,Illinois,Cook,#N/A
17031841100,Illinois,Cook,#N/A
17031841200,Illinois,Cook,#N/A
17031841300,Illinois,Cook,#N/A
17031841400,Illinois,Cook,#N/A
17031841500,Illinois,Cook,#N/A
17031841600,Illinois,Cook,#N/A
17031841700,Illinois,Cook,#N/A
17031841800,Illinois,Cook,#N/A
17031841900,Illinois,Cook,#N/A
17031842000,Illinois,Cook,#N/A
17031842100,Illinois,Cook,#N/A
17031842200,Illinois,Cook,#N/A
17031842300,Illinois,Cook,#N/A
17031842400,Illinois,Cook,#N/A
17031842500,Illinois,Cook,60637
17031842600,Illinois,Cook,60609
17031842800,Illinois,Cook,60609
17031842900,Illinois,Cook,#N/A
17031843000,Illinois,Cook,#N/A
17031843100,Illinois,Cook,#N/A
17031843200,Illinois,Cook,#N/A
17031843300,Illinois,Cook,#N/A
17031843400,Illinois,Cook,#N/A
17031843500,Illinois,Cook,#N/A
17031843600,Illinois,Cook,#N/A
17031843700,Illinois,Cook,#N/A
17031843800,Illinois,Cook,#N/A
17031843900,Illinois,Cook,#N/A
17031980000,Illinois,Cook,60688
17031980100,Illinois,Cook,#N/A